"Team_ID","Team_Name","Team_Abbr","3P","3PA","3Per","2P","2PA","2Per","3PA_Per","Season_Win_Per","Year","24+ ft. Atp","Less Than 8 ft. Atp","16-24 ft. Atp","8-16 ft. Atp","Back Court Atp"
1610612760,"Oklahoma City Thunder","OKC",723,1936,0.373,2216,4654,0.476,0.294,0.451,2003,1914,2425,1204,1028,NA
1610612751,"Brooklyn Nets","BKN",377,1123,0.336,2436,5249,0.464,0.176,0.573,2003,1103,2629,1704,917,19
1610612748,"Miami Heat","MIA",485,1357,0.357,2244,5060,0.443,0.211,0.512,2003,1331,2559,1487,1019,NA
1610612753,"Orlando Magic","ORL",429,1248,0.344,2475,5520,0.448,0.184,0.256,2003,1239,2418,1850,1254,NA
1610612750,"Minnesota Timberwolves","MIN",326,897,0.363,2707,5674,0.477,0.137,0.707,2003,876,2014,1979,1683,19
1610612759,"San Antonio Spurs","SAS",408,1140,0.358,2434,5294,0.46,0.177,0.695,2003,1126,2808,1288,1200,NA
1610612738,"Boston Celtics","BOS",553,1599,0.346,2290,4816,0.475,0.249,0.439,2003,1583,2453,1425,939,NA
1610612740,"New Orleans Pelicans","NOP",531,1666,0.319,2241,4939,0.454,0.252,0.5,2003,1651,2508,1379,1053,14
1610612757,"Portland Trail Blazers","POR",381,1102,0.346,2517,5365,0.469,0.17,0.5,2003,1085,2777,1411,1180,NA
1610612755,"Philadelphia 76ers","PHI",339,992,0.342,2343,5268,0.445,0.158,0.402,2003,983,2556,1351,1361,NA
1610612745,"Houston Rockets","HOU",515,1406,0.366,2223,4789,0.464,0.227,0.549,2003,1380,2312,1311,1169,NA
1610612754,"Indiana Pacers","IND",449,1281,0.351,2304,5041,0.457,0.203,0.744,2003,1267,2508,1240,1292,15
1610612749,"Milwaukee Bucks","MIL",401,1145,0.35,2569,5505,0.467,0.172,0.5,2003,1132,2846,1192,1469,NA
1610612761,"Toronto Raptors","TOR",461,1294,0.356,2193,5054,0.434,0.204,0.402,2003,1283,2143,1692,1219,NA
1610612741,"Chicago Bulls","CHI",429,1256,0.342,2369,5497,0.431,0.186,0.28,2003,1239,2547,1744,1206,17
1610612743,"Denver Nuggets","DEN",331,984,0.336,2662,5778,0.461,0.146,0.524,2003,973,2887,1832,1057,13
1610612737,"Atlanta Hawks","ATL",419,1249,0.335,2383,5212,0.457,0.193,0.341,2003,1245,2645,1335,1232,NA
1610612752,"New York Knicks","NYK",406,1115,0.364,2475,5398,0.459,0.171,0.476,2003,1096,2396,1541,1461,NA
1610612747,"Los Angeles Lakers","LAL",365,1115,0.327,2663,5561,0.479,0.167,0.683,2003,1098,2869,1584,1107,18
1610612742,"Dallas Mavericks","DAL",507,1456,0.348,2815,5773,0.488,0.201,0.634,2003,1433,2968,1584,1221,23
1610612764,"Washington Wizards","WAS",434,1270,0.342,2325,5287,0.44,0.194,0.305,2003,1259,2840,1399,1049,NA
1610612744,"Golden State Warriors","GSW",429,1283,0.334,2446,5228,0.468,0.197,0.451,2003,1260,2862,1419,949,21
1610612756,"Phoenix Suns","PHX",415,1202,0.345,2543,5469,0.465,0.18,0.354,2003,1183,2770,1404,1296,NA
1610612746,"LA Clippers","LAC",329,1024,0.321,2488,5555,0.448,0.156,0.341,2003,1009,2977,1436,1143,14
1610612758,"Sacramento Kings","SAC",601,1498,0.401,2502,5213,0.48,0.223,0.671,2003,1478,2559,1903,753,NA
1610612765,"Detroit Pistons","DET",333,968,0.344,2414,5346,0.452,0.153,0.659,2003,960,2794,1128,1424,NA
1610612762,"Utah Jazz","UTA",252,786,0.321,2438,5386,0.453,0.127,0.512,2003,766,2595,2024,776,NA
1610612763,"Memphis Grizzlies","MEM",447,1314,0.34,2516,5343,0.471,0.197,0.61,2003,1284,3185,1268,894,26
1610612739,"Cleveland Cavaliers","CLE",247,786,0.314,2675,5967,0.448,0.116,0.427,2003,771,3010,1326,1630,NA
1610612760,"Oklahoma City Thunder","OKC",666,1824,0.365,2216,4674,0.474,0.281,0.634,2004,1802,2607,1072,997,NA
1610612751,"Brooklyn Nets","BKN",435,1203,0.362,2318,5216,0.444,0.187,0.512,2004,1185,2328,1921,968,NA
1610612748,"Miami Heat","MIA",475,1260,0.377,2622,5108,0.513,0.198,0.72,2004,1247,2750,1393,968,10
1610612753,"Orlando Magic","ORL",320,916,0.349,2714,5763,0.471,0.137,0.439,2004,903,2683,1844,1239,NA
1610612750,"Minnesota Timberwolves","MIN",395,1145,0.345,2650,5484,0.483,0.173,0.537,2004,1129,2122,1885,1477,NA
1610612759,"San Antonio Spurs","SAS",507,1395,0.363,2416,5055,0.478,0.216,0.72,2004,1373,2897,1119,1048,NA
1610612738,"Boston Celtics","BOS",437,1252,0.349,2609,5259,0.496,0.192,0.549,2004,1234,2972,1382,907,NA
1610612740,"New Orleans Pelicans","NOP",415,1316,0.315,2302,5237,0.44,0.201,0.22,2004,1302,2411,1818,1011,NA
1610612757,"Portland Trail Blazers","POR",420,1161,0.362,2476,5261,0.471,0.181,0.329,2004,1143,2950,1371,944,NA
1610612755,"Philadelphia 76ers","PHI",505,1453,0.348,2441,5283,0.462,0.216,0.524,2004,1442,2781,1435,1069,NA
1610612745,"Houston Rockets","HOU",553,1521,0.364,2293,4898,0.468,0.237,0.622,2004,1502,2241,1644,1017,NA
1610612754,"Indiana Pacers","IND",542,1575,0.344,2126,4594,0.463,0.255,0.537,2004,1561,2285,1226,1085,NA
1610612749,"Milwaukee Bucks","MIL",325,925,0.351,2639,5655,0.467,0.141,0.366,2004,913,2792,1472,1392,NA
1610612761,"Toronto Raptors","TOR",648,1681,0.385,2304,4975,0.463,0.253,0.402,2004,1660,2489,1372,1116,NA
1610612741,"Chicago Bulls","CHI",511,1433,0.357,2338,5159,0.453,0.217,0.573,2004,1418,2603,1413,1147,NA
1610612743,"Denver Nuggets","DEN",320,940,0.34,2718,5675,0.479,0.142,0.598,2004,916,2906,1812,958,NA
1610612737,"Atlanta Hawks","ATL",304,973,0.312,2638,5699,0.463,0.146,0.159,2004,950,3236,1359,1104,23
1610612766,"Charlotte Hornets","CHA",320,881,0.363,2641,5978,0.442,0.128,0.22,2004,869,2673,2016,1292,NA
1610612752,"New York Knicks","NYK",441,1240,0.356,2537,5359,0.473,0.188,0.402,2004,1213,2644,1657,1062,NA
1610612747,"Los Angeles Lakers","LAL",644,1813,0.355,2251,4816,0.467,0.273,0.415,2004,1776,2772,1248,799,NA
1610612742,"Dallas Mavericks","DAL",463,1273,0.364,2595,5418,0.479,0.19,0.707,2004,1252,2570,1625,1222,NA
1610612764,"Washington Wizards","WAS",514,1498,0.343,2451,5295,0.463,0.221,0.549,2004,1479,2845,1402,1050,17
1610612744,"Golden State Warriors","GSW",624,1774,0.352,2405,5265,0.457,0.252,0.415,2004,1764,2704,1742,818,NA
1610612756,"Phoenix Suns","PHX",796,2026,0.393,2555,4992,0.512,0.289,0.756,2004,1996,2602,1213,1180,27
1610612746,"LA Clippers","LAC",231,668,0.346,2685,5680,0.473,0.105,0.451,2004,651,2573,1844,1263,NA
1610612758,"Sacramento Kings","SAC",522,1396,0.374,2681,5582,0.48,0.2,0.61,2004,1382,2471,2349,764,NA
1610612765,"Detroit Pistons","DET",363,1053,0.345,2488,5368,0.463,0.164,0.659,2004,1041,2560,1380,1430,NA
1610612762,"Utah Jazz","UTA",250,762,0.328,2578,5539,0.465,0.121,0.317,2004,727,2536,1983,1037,NA
1610612763,"Memphis Grizzlies","MEM",531,1486,0.357,2271,4785,0.475,0.237,0.549,2004,1465,2962,1104,721,NA
1610612739,"Cleveland Cavaliers","CLE",300,904,0.332,2690,5783,0.465,0.135,0.512,2004,898,2888,1555,1338,NA
1610612760,"Oklahoma City Thunder","OKC",605,1631,0.371,2472,5080,0.487,0.243,0.427,2005,1605,2756,1237,1089,NA
1610612751,"Brooklyn Nets","BKN",477,1447,0.33,2301,4870,0.472,0.229,0.598,2005,1421,2435,1624,817,20
1610612748,"Miami Heat","MIA",497,1441,0.345,2542,4914,0.517,0.227,0.634,2005,1418,2956,1124,837,20
1610612753,"Orlando Magic","ORL",299,796,0.376,2612,5371,0.486,0.129,0.439,2005,782,2792,1591,989,NA
1610612750,"Minnesota Timberwolves","MIN",310,942,0.329,2578,5398,0.478,0.149,0.402,2005,917,2360,1928,1113,NA
1610612759,"San Antonio Spurs","SAS",524,1362,0.385,2469,4980,0.496,0.215,0.768,2005,1346,2795,1236,954,NA
1610612738,"Boston Celtics","BOS",467,1290,0.362,2484,5032,0.494,0.204,0.402,2005,1268,2748,1445,842,19
1610612740,"New Orleans Pelicans","NOP",300,885,0.339,2531,5543,0.457,0.138,0.463,2005,874,2772,1715,1056,NA
1610612757,"Portland Trail Blazers","POR",364,1042,0.349,2427,5225,0.464,0.166,0.256,2005,1021,2661,1775,789,21
1610612755,"Philadelphia 76ers","PHI",375,1031,0.364,2626,5515,0.476,0.158,0.463,2005,1017,2839,1442,1237,NA
1610612745,"Houston Rockets","HOU",469,1414,0.332,2239,4838,0.463,0.226,0.415,2005,1398,2417,1408,1018,NA
1610612754,"Indiana Pacers","IND",536,1536,0.349,2250,4738,0.475,0.245,0.5,2005,1520,2422,1242,1073,NA
1610612749,"Milwaukee Bucks","MIL",507,1335,0.38,2469,5231,0.472,0.203,0.488,2005,1330,2946,1260,1026,NA
1610612761,"Toronto Raptors","TOR",608,1620,0.375,2405,5019,0.479,0.244,0.329,2005,1599,2456,1422,1145,17
1610612741,"Chicago Bulls","CHI",560,1477,0.379,2444,5260,0.465,0.219,0.5,2005,1456,2498,1812,953,NA
1610612743,"Denver Nuggets","DEN",350,1076,0.325,2728,5596,0.487,0.161,0.537,2005,1052,2884,1868,845,23
1610612737,"Atlanta Hawks","ATL",424,1154,0.367,2522,5342,0.472,0.178,0.317,2005,1139,2933,1496,912,NA
1610612766,"Charlotte Hornets","CHA",428,1261,0.339,2533,5582,0.454,0.184,0.317,2005,1236,2837,1787,960,23
1610612752,"New York Knicks","NYK",320,884,0.362,2502,5321,0.47,0.142,0.28,2005,864,3134,1270,917,NA
1610612747,"Los Angeles Lakers","LAL",552,1583,0.349,2440,5024,0.486,0.24,0.549,2005,1566,2599,1509,915,NA
1610612742,"Dallas Mavericks","DAL",416,1113,0.374,2532,5262,0.481,0.175,0.732,2005,1090,2461,1390,1411,NA
1610612764,"Washington Wizards","WAS",497,1394,0.357,2478,5262,0.471,0.209,0.512,2005,1380,2797,1646,821,NA
1610612744,"Golden State Warriors","GSW",625,1832,0.341,2314,4953,0.467,0.27,0.415,2005,1813,2802,1438,717,NA
1610612756,"Phoenix Suns","PHX",837,2097,0.399,2593,5070,0.511,0.293,0.659,2005,2083,2213,1865,993,NA
1610612746,"LA Clippers","LAC",290,843,0.344,2703,5600,0.483,0.131,0.573,2005,825,2381,1557,1663,NA
1610612758,"Sacramento Kings","SAC",494,1408,0.351,2460,5092,0.483,0.217,0.537,2005,1398,2439,2040,609,NA
1610612765,"Detroit Pistons","DET",557,1451,0.384,2426,5107,0.475,0.221,0.78,2005,1447,2122,1629,1354,NA
1610612762,"Utah Jazz","UTA",311,925,0.336,2433,5282,0.461,0.149,0.5,2005,907,2614,1847,826,13
1610612763,"Memphis Grizzlies","MEM",590,1578,0.374,2156,4547,0.474,0.258,0.598,2005,1564,2733,1090,727,NA
1610612739,"Cleveland Cavaliers","CLE",497,1465,0.339,2411,4947,0.487,0.228,0.61,2005,1447,2814,1264,869,NA
1610612760,"Oklahoma City Thunder","OKC",525,1451,0.362,2522,5177,0.487,0.219,0.378,2006,1432,2848,1127,1204,NA
1610612751,"Brooklyn Nets","BKN",609,1676,0.363,2304,4703,0.49,0.263,0.5,2006,1660,2547,1530,629,NA
1610612748,"Miami Heat","MIA",528,1539,0.343,2391,4749,0.503,0.245,0.537,2006,1516,2608,1330,817,NA
1610612753,"Orlando Magic","ORL",342,962,0.356,2533,5128,0.494,0.158,0.488,2006,951,2847,1372,912,NA
1610612750,"Minnesota Timberwolves","MIN",384,1089,0.353,2613,5413,0.483,0.167,0.39,2006,1056,2334,1980,1101,31
1610612759,"San Antonio Spurs","SAS",595,1561,0.381,2404,4767,0.504,0.247,0.707,2006,1545,2572,1294,907,NA
1610612738,"Boston Celtics","BOS",471,1283,0.367,2387,5171,0.462,0.199,0.293,2006,1263,2803,1487,882,19
1610612740,"New Orleans Pelicans","NOP",455,1256,0.362,2516,5418,0.464,0.188,0.476,2006,1245,2950,1442,1028,NA
1610612757,"Portland Trail Blazers","POR",426,1232,0.346,2448,5160,0.474,0.193,0.39,2006,1197,2714,1618,832,NA
1610612755,"Philadelphia 76ers","PHI",284,823,0.345,2648,5585,0.474,0.128,0.427,2006,802,2588,1676,1322,NA
1610612745,"Houston Rockets","HOU",705,1893,0.372,2201,4635,0.475,0.29,0.634,2006,1881,2457,1211,970,9
1610612754,"Indiana Pacers","IND",481,1389,0.346,2391,5172,0.462,0.212,0.427,2006,1368,2538,1399,1235,21
1610612749,"Milwaukee Bucks","MIL",524,1472,0.356,2597,5242,0.495,0.219,0.341,2006,1459,3103,1228,914,NA
1610612761,"Toronto Raptors","TOR",531,1464,0.363,2501,5083,0.492,0.224,0.573,2006,1447,2293,1789,1002,16
1610612741,"Chicago Bulls","CHI",480,1237,0.388,2566,5426,0.473,0.186,0.598,2006,1217,2460,1966,1002,NA
1610612743,"Denver Nuggets","DEN",484,1440,0.336,2680,5365,0.5,0.212,0.549,2006,1416,3074,1457,837,NA
1610612737,"Atlanta Hawks","ATL",341,1038,0.329,2490,5334,0.467,0.163,0.366,2006,1024,2719,1875,743,NA
1610612766,"Charlotte Hornets","CHA",457,1280,0.357,2503,5363,0.467,0.193,0.402,2006,1262,2855,1658,854,14
1610612752,"New York Knicks","NYK",474,1370,0.346,2429,4986,0.487,0.216,0.402,2006,1346,3186,1149,654,NA
1610612747,"Los Angeles Lakers","LAL",608,1724,0.353,2495,4940,0.505,0.259,0.512,2006,1700,2806,1312,825,NA
1610612742,"Dallas Mavericks","DAL",535,1404,0.381,2475,5038,0.491,0.218,0.817,2006,1381,2208,1586,1248,NA
1610612764,"Washington Wizards","WAS",561,1614,0.348,2509,5206,0.482,0.237,0.5,2006,1600,2664,1830,711,15
1610612744,"Golden State Warriors","GSW",700,1966,0.356,2561,5082,0.504,0.279,0.512,2006,1947,3200,1213,669,NA
1610612756,"Phoenix Suns","PHX",785,1965,0.399,2603,4890,0.532,0.287,0.744,2006,1948,2573,1386,932,NA
1610612746,"LA Clippers","LAC",314,903,0.348,2566,5415,0.474,0.143,0.488,2006,886,2271,1608,1534,NA
1610612758,"Sacramento Kings","SAC",530,1513,0.35,2411,5019,0.48,0.232,0.402,2006,1504,2625,1668,726,NA
1610612765,"Detroit Pistons","DET",449,1305,0.344,2493,5179,0.481,0.201,0.646,2006,1290,2345,1402,1433,14
1610612762,"Utah Jazz","UTA",354,1056,0.335,2715,5415,0.501,0.163,0.622,2006,1039,2844,1667,906,NA
1610612763,"Memphis Grizzlies","MEM",500,1362,0.367,2498,5086,0.491,0.211,0.268,2006,1338,2912,1334,842,NA
1610612739,"Cleveland Cavaliers","CLE",494,1404,0.352,2484,5254,0.473,0.211,0.61,2006,1387,2772,1423,1060,16
1610612760,"Oklahoma City Thunder","OKC",313,939,0.333,2812,6093,0.462,0.134,0.244,2007,930,2814,1948,1334,NA
1610612751,"Brooklyn Nets","BKN",498,1430,0.348,2358,5020,0.47,0.222,0.415,2007,1402,2645,1650,724,NA
1610612748,"Miami Heat","MIA",491,1373,0.358,2317,4963,0.467,0.217,0.183,2007,1353,2210,1866,889,NA
1610612753,"Orlando Magic","ORL",801,2074,0.386,2257,4372,0.516,0.322,0.634,2007,2052,2651,849,874,NA
1610612750,"Minnesota Timberwolves","MIN",441,1259,0.35,2635,5558,0.474,0.185,0.268,2007,1227,2981,1403,1174,NA
1610612759,"San Antonio Spurs","SAS",594,1610,0.369,2344,4814,0.487,0.251,0.683,2007,1584,2347,1471,1009,NA
1610612738,"Boston Celtics","BOS",596,1564,0.381,2390,4722,0.506,0.249,0.805,2007,1548,2572,1326,822,NA
1610612740,"New Orleans Pelicans","NOP",630,1621,0.389,2534,5175,0.49,0.239,0.683,2007,1608,2548,1545,1084,11
1610612757,"Portland Trail Blazers","POR",538,1426,0.377,2397,5120,0.468,0.218,0.5,2007,1386,1991,2035,1099,35
1610612755,"Philadelphia 76ers","PHI",302,952,0.317,2754,5696,0.483,0.143,0.488,2007,919,2913,1506,1277,33
1610612745,"Houston Rockets","HOU",583,1707,0.342,2420,4991,0.485,0.255,0.671,2007,1687,2638,1382,974,NA
1610612754,"Indiana Pacers","IND",755,2021,0.374,2347,4972,0.472,0.289,0.439,2007,1996,2458,1513,1005,NA
1610612749,"Milwaukee Bucks","MIL",452,1313,0.344,2574,5432,0.474,0.195,0.317,2007,1294,2958,1416,1063,14
1610612761,"Toronto Raptors","TOR",572,1459,0.392,2576,5267,0.489,0.217,0.5,2007,1438,2199,2114,955,20
1610612741,"Chicago Bulls","CHI",474,1305,0.363,2513,5556,0.452,0.19,0.402,2007,1286,2556,1932,1070,NA
1610612743,"Denver Nuggets","DEN",569,1605,0.355,2738,5433,0.504,0.228,0.61,2007,1567,3036,1465,934,NA
1610612737,"Atlanta Hawks","ATL",384,1078,0.356,2591,5474,0.473,0.165,0.451,2007,1051,2834,1709,935,23
1610612766,"Charlotte Hornets","CHA",529,1443,0.367,2431,5111,0.476,0.22,0.39,2007,1432,2736,1500,876,NA
1610612752,"New York Knicks","NYK",490,1454,0.337,2477,5303,0.467,0.215,0.28,2007,1428,3061,1313,931,24
1610612747,"Los Angeles Lakers","LAL",662,1751,0.378,2586,5067,0.51,0.257,0.695,2007,1735,2788,1452,827,NA
1610612742,"Dallas Mavericks","DAL",494,1403,0.352,2531,5112,0.495,0.215,0.622,2007,1376,2191,1579,1344,NA
1610612764,"Washington Wizards","WAS",575,1614,0.356,2411,5081,0.475,0.241,0.524,2007,1601,2627,1543,913,NA
1610612744,"Golden State Warriors","GSW",761,2185,0.348,2642,5221,0.506,0.295,0.585,2007,2153,3293,1273,661,NA
1610612756,"Phoenix Suns","PHX",694,1764,0.393,2698,5018,0.538,0.26,0.671,2007,1755,2602,1434,983,NA
1610612746,"LA Clippers","LAC",350,1079,0.324,2470,5366,0.46,0.167,0.28,2007,1061,2240,1875,1251,18
1610612758,"Sacramento Kings","SAC",510,1367,0.373,2533,5191,0.488,0.208,0.463,2007,1356,2758,1568,865,NA
1610612765,"Detroit Pistons","DET",487,1330,0.366,2512,5221,0.481,0.203,0.72,2007,1313,2063,1934,1225,NA
1610612762,"Utah Jazz","UTA",407,1095,0.372,2872,5497,0.522,0.166,0.659,2007,1060,2956,1729,827,NA
1610612763,"Memphis Grizzlies","MEM",620,1779,0.349,2440,4958,0.492,0.264,0.268,2007,1743,2874,1195,889,NA
1610612739,"Cleveland Cavaliers","CLE",552,1544,0.358,2385,5153,0.463,0.231,0.549,2007,1533,2594,1592,965,NA
1610612760,"Oklahoma City Thunder","OKC",328,948,0.346,2671,5767,0.463,0.141,0.28,2008,937,2936,1658,1170,NA
1610612751,"Brooklyn Nets","BKN",651,1734,0.375,2273,4801,0.473,0.265,0.415,2008,1719,2523,1409,872,12
1610612748,"Miami Heat","MIA",582,1630,0.357,2452,5015,0.489,0.245,0.524,2008,1599,2374,1646,1001,NA
1610612753,"Orlando Magic","ORL",817,2147,0.381,2112,4269,0.495,0.335,0.72,2008,2131,2357,995,920,NA
1610612750,"Minnesota Timberwolves","MIN",543,1539,0.353,2443,5227,0.467,0.227,0.293,2008,1516,2912,1329,987,NA
1610612759,"San Antonio Spurs","SAS",624,1618,0.386,2417,4914,0.492,0.248,0.659,2008,1570,2361,1665,920,16
1610612738,"Boston Celtics","BOS",538,1355,0.397,2537,4978,0.51,0.214,0.756,2008,1347,2682,1410,887,NA
1610612740,"New Orleans Pelicans","NOP",555,1524,0.364,2355,4840,0.487,0.239,0.598,2008,1513,2298,1356,1188,NA
1610612757,"Portland Trail Blazers","POR",596,1555,0.383,2422,4939,0.49,0.239,0.659,2008,1521,2482,1500,959,32
1610612755,"Philadelphia 76ers","PHI",341,1071,0.318,2656,5460,0.486,0.164,0.5,2008,1050,2978,1331,1150,22
1610612745,"Houston Rockets","HOU",621,1655,0.375,2338,4870,0.48,0.254,0.646,2008,1627,2734,1082,1052,NA
1610612754,"Indiana Pacers","IND",652,1725,0.378,2568,5355,0.48,0.244,0.439,2008,1704,2819,1584,955,18
1610612749,"Milwaukee Bucks","MIL",511,1407,0.363,2498,5347,0.467,0.208,0.415,2008,1398,2604,1633,1108,11
1610612761,"Toronto Raptors","TOR",479,1289,0.372,2575,5384,0.478,0.193,0.402,2008,1268,2232,1965,1190,NA
1610612741,"Chicago Bulls","CHI",493,1291,0.382,2633,5553,0.474,0.189,0.5,2008,1267,2652,2008,898,NA
1610612743,"Denver Nuggets","DEN",548,1477,0.371,2510,5033,0.499,0.227,0.659,2008,1453,2911,1405,718,23
1610612737,"Atlanta Hawks","ATL",595,1629,0.365,2359,4818,0.49,0.253,0.573,2008,1609,2464,1414,940,NA
1610612766,"Charlotte Hornets","CHA",490,1339,0.366,2376,4960,0.479,0.213,0.427,2008,1313,2866,1379,716,25
1610612752,"New York Knicks","NYK",823,2284,0.36,2334,4807,0.486,0.322,0.39,2008,2252,2949,1093,773,NA
1610612747,"Los Angeles Lakers","LAL",545,1513,0.36,2760,5465,0.505,0.217,0.793,2008,1497,2954,1368,1143,NA
1610612742,"Dallas Mavericks","DAL",571,1632,0.35,2557,5138,0.498,0.241,0.61,2008,1613,2220,1635,1284,18
1610612764,"Washington Wizards","WAS",395,1198,0.33,2599,5457,0.476,0.18,0.232,2008,1186,2849,1615,995,NA
1610612744,"Golden State Warriors","GSW",550,1474,0.373,2681,5580,0.48,0.209,0.354,2008,1452,2965,1776,838,23
1610612756,"Phoenix Suns","PHX",552,1444,0.382,2820,5250,0.537,0.216,0.561,2008,1419,3159,1057,1037,NA
1610612746,"LA Clippers","LAC",535,1512,0.354,2420,5183,0.467,0.226,0.232,2008,1480,2838,1458,885,34
1610612758,"Sacramento Kings","SAC",586,1593,0.368,2404,5091,0.472,0.238,0.207,2008,1568,2651,1533,912,NA
1610612765,"Detroit Pistons","DET",377,1079,0.349,2604,5480,0.475,0.165,0.476,2008,1062,2212,1997,1275,NA
1610612762,"Utah Jazz","UTA",392,1122,0.349,2751,5501,0.5,0.169,0.585,2008,1101,2990,1718,798,NA
1610612763,"Memphis Grizzlies","MEM",398,1105,0.36,2467,5205,0.474,0.175,0.293,2008,1089,2825,1434,948,NA
1610612739,"Cleveland Cavaliers","CLE",656,1670,0.393,2366,4784,0.495,0.259,0.805,2008,1656,2253,1689,845,NA
1610612760,"Oklahoma City Thunder","OKC",418,1229,0.34,2645,5400,0.49,0.185,0.61,2009,1223,2822,1476,1101,NA
1610612751,"Brooklyn Nets","BKN",377,1185,0.318,2436,5369,0.454,0.181,0.146,2009,1172,2778,1495,1095,14
1610612748,"Miami Heat","MIA",494,1426,0.346,2490,5092,0.489,0.219,0.573,2009,1412,2238,1667,1187,NA
1610612753,"Orlando Magic","ORL",841,2241,0.375,2164,4153,0.521,0.35,0.72,2009,2215,2463,921,769,NA
1610612750,"Minnesota Timberwolves","MIN",403,1181,0.341,2703,5742,0.471,0.171,0.183,2009,1154,2903,1450,1389,27
1610612759,"San Antonio Spurs","SAS",553,1545,0.358,2596,5112,0.508,0.232,0.61,2009,1532,2807,1349,956,NA
1610612738,"Boston Celtics","BOS",499,1432,0.348,2540,4861,0.523,0.228,0.61,2009,1416,2790,1181,890,NA
1610612740,"New Orleans Pelicans","NOP",571,1572,0.363,2607,5270,0.495,0.23,0.451,2009,1562,2689,1397,1184,NA
1610612757,"Portland Trail Blazers","POR",491,1388,0.354,2483,5065,0.49,0.215,0.61,2009,1358,2294,1645,1126,NA
1610612755,"Philadelphia 76ers","PHI",474,1381,0.343,2613,5325,0.491,0.206,0.329,2009,1356,2653,1400,1271,26
1610612745,"Houston Rockets","HOU",645,1836,0.351,2448,5085,0.481,0.265,0.512,2009,1819,3012,1140,932,NA
1610612754,"Indiana Pacers","IND",658,1894,0.347,2361,4927,0.479,0.278,0.39,2009,1879,2604,1425,898,NA
1610612749,"Milwaukee Bucks","MIL",643,1807,0.356,2405,5185,0.464,0.258,0.561,2009,1799,2676,1460,1047,10
1610612761,"Toronto Raptors","TOR",518,1397,0.371,2681,5234,0.512,0.211,0.488,2009,1356,2691,1579,964,41
1610612741,"Chicago Bulls","CHI",352,1065,0.331,2729,5759,0.474,0.156,0.5,2009,1053,2736,2045,978,NA
1610612743,"Denver Nuggets","DEN",544,1517,0.359,2580,5161,0.5,0.227,0.646,2009,1500,2850,1452,858,NA
1610612737,"Atlanta Hawks","ATL",524,1453,0.361,2657,5346,0.497,0.214,0.646,2009,1434,2892,1609,845,19
1610612766,"Charlotte Hornets","CHA",460,1330,0.346,2398,4975,0.482,0.211,0.537,2009,1309,3033,1278,664,21
1610612752,"New York Knicks","NYK",743,2145,0.346,2384,4731,0.504,0.312,0.354,2009,2125,2701,1392,638,20
1610612747,"Los Angeles Lakers","LAL",532,1562,0.341,2612,5313,0.492,0.227,0.695,2009,1542,2860,1310,1142,21
1610612742,"Dallas Mavericks","DAL",558,1497,0.373,2582,5262,0.491,0.221,0.671,2009,1481,2480,1543,1239,NA
1610612764,"Washington Wizards","WAS",432,1225,0.353,2576,5475,0.471,0.183,0.317,2009,1208,2607,1835,1033,NA
1610612744,"Golden State Warriors","GSW",633,1687,0.375,2696,5407,0.499,0.238,0.317,2009,1667,2701,1817,889,NA
1610612756,"Phoenix Suns","PHX",730,1770,0.412,2609,5018,0.52,0.261,0.659,2009,1752,2715,1258,1045,18
1610612746,"LA Clippers","LAC",482,1456,0.331,2519,5144,0.49,0.221,0.354,2009,1433,2768,1375,1001,NA
1610612758,"Sacramento Kings","SAC",481,1382,0.348,2662,5512,0.483,0.2,0.305,2009,1365,3109,1514,889,NA
1610612765,"Detroit Pistons","DET",372,1188,0.313,2566,5412,0.474,0.18,0.329,2009,1173,2629,1515,1267,NA
1610612762,"Utah Jazz","UTA",439,1207,0.364,2788,5368,0.519,0.184,0.646,2009,1193,3125,1447,796,NA
1610612763,"Memphis Grizzlies","MEM",344,1020,0.337,2879,5855,0.492,0.148,0.488,2009,989,3329,1398,1128,31
1610612739,"Cleveland Cavaliers","CLE",601,1581,0.38,2499,4809,0.52,0.247,0.744,2009,1566,2696,1366,746,16
1610612760,"Oklahoma City Thunder","OKC",487,1403,0.347,2579,5206,0.495,0.212,0.671,2010,1391,2731,1435,1038,14
1610612751,"Brooklyn Nets","BKN",459,1337,0.343,2459,5301,0.464,0.201,0.293,2010,1315,2662,1503,1136,22
1610612748,"Miami Heat","MIA",546,1477,0.37,2484,4822,0.515,0.234,0.707,2010,1465,2278,1678,865,13
1610612753,"Orlando Magic","ORL",770,2101,0.366,2186,4308,0.507,0.328,0.634,2010,2077,2439,1052,817,24
1610612750,"Minnesota Timberwolves","MIN",589,1565,0.376,2501,5449,0.459,0.223,0.207,2010,1536,2992,1431,1024,31
1610612759,"San Antonio Spurs","SAS",685,1725,0.397,2463,4901,0.503,0.26,0.744,2010,1716,2745,1109,1047,NA
1610612738,"Boston Celtics","BOS",408,1119,0.365,2615,5100,0.513,0.18,0.683,2010,1111,2619,1578,903,NA
1610612740,"New Orleans Pelicans","NOP",444,1232,0.36,2500,5184,0.482,0.192,0.561,2010,1212,2531,1519,1134,20
1610612757,"Portland Trail Blazers","POR",517,1502,0.344,2433,5096,0.477,0.228,0.585,2010,1479,2745,1358,992,NA
1610612755,"Philadelphia 76ers","PHI",443,1247,0.355,2682,5528,0.485,0.184,0.5,2010,1232,2657,1436,1434,NA
1610612745,"Houston Rockets","HOU",676,1841,0.367,2493,5132,0.486,0.264,0.524,2010,1823,2923,1238,971,NA
1610612754,"Indiana Pacers","IND",585,1652,0.354,2418,5134,0.471,0.243,0.451,2010,1638,2657,1447,1030,NA
1610612749,"Milwaukee Bucks","MIL",483,1413,0.342,2331,5130,0.454,0.216,0.427,2010,1402,2598,1481,1050,NA
1610612761,"Toronto Raptors","TOR",345,1091,0.316,2799,5664,0.494,0.162,0.268,2010,1073,3006,1654,1004,18
1610612741,"Chicago Bulls","CHI",511,1415,0.361,2531,5172,0.489,0.215,0.756,2010,1390,2838,1506,827,NA
1610612743,"Denver Nuggets","DEN",661,1700,0.389,2483,4909,0.506,0.257,0.61,2010,1682,3062,1230,617,18
1610612737,"Atlanta Hawks","ATL",502,1426,0.352,2469,5002,0.494,0.222,0.537,2010,1413,2363,1759,880,13
1610612766,"Charlotte Hornets","CHA",393,1202,0.327,2480,5162,0.48,0.189,0.415,2010,1181,2885,1493,784,NA
1610612752,"New York Knicks","NYK",765,2079,0.368,2375,4786,0.496,0.303,0.512,2010,2066,2752,1226,807,NA
1610612747,"Los Angeles Lakers","LAL",522,1485,0.352,2604,5270,0.494,0.22,0.695,2010,1460,2835,1347,1088,25
1610612742,"Dallas Mavericks","DAL",645,1768,0.365,2424,4695,0.516,0.274,0.695,2010,1748,2307,1283,1105,20
1610612764,"Washington Wizards","WAS",392,1182,0.332,2656,5706,0.465,0.172,0.28,2010,1169,2864,1699,1142,NA
1610612744,"Golden State Warriors","GSW",685,1749,0.392,2566,5298,0.484,0.248,0.439,2010,1727,2888,1505,905,22
1610612756,"Phoenix Suns","PHX",701,1857,0.377,2518,4987,0.505,0.271,0.488,2010,1840,2622,1318,1047,NA
1610612746,"LA Clippers","LAC",510,1515,0.337,2502,5075,0.493,0.23,0.39,2010,1496,3153,1202,719,NA
1610612758,"Sacramento Kings","SAC",427,1275,0.335,2706,5702,0.475,0.183,0.293,2010,1249,3134,1543,1025,26
1610612765,"Detroit Pistons","DET",471,1255,0.375,2584,5391,0.479,0.189,0.366,2010,1236,2799,1472,1120,19
1610612762,"Utah Jazz","UTA",435,1256,0.346,2629,5334,0.493,0.191,0.476,2010,1239,2856,1452,1024,19
1610612763,"Memphis Grizzlies","MEM",309,926,0.334,2891,5875,0.492,0.136,0.561,2010,898,3436,1385,1054,NA
1610612739,"Cleveland Cavaliers","CLE",509,1489,0.342,2377,5158,0.461,0.224,0.232,2010,1480,2892,1349,915,NA
1610612760,"Oklahoma City Thunder","OKC",472,1317,0.358,1990,3912,0.509,0.252,0.712,2011,1307,2153,914,843,NA
1610612751,"Brooklyn Nets","BKN",507,1481,0.342,1755,3839,0.457,0.278,0.333,2011,1472,1905,1098,836,9
1610612748,"Miami Heat","MIA",370,1030,0.359,2076,4182,0.496,0.198,0.697,2011,1026,2179,1136,866,5
1610612753,"Orlando Magic","ORL",670,1785,0.375,1605,3377,0.475,0.346,0.561,2011,1773,2142,783,452,NA
1610612750,"Minnesota Timberwolves","MIN",473,1422,0.333,1882,4011,0.469,0.262,0.394,2011,1413,2359,1009,643,NA
1610612759,"San Antonio Spurs","SAS",552,1405,0.393,2059,4058,0.507,0.257,0.758,2011,1398,2379,894,785,NA
1610612738,"Boston Celtics","BOS",363,988,0.367,1978,4098,0.483,0.194,0.591,2011,982,1845,1352,901,NA
1610612740,"New Orleans Pelicans","NOP",259,777,0.333,2041,4326,0.472,0.152,0.318,2011,773,2201,1147,978,NA
1610612757,"Portland Trail Blazers","POR",478,1382,0.346,1924,4035,0.477,0.255,0.424,2011,1365,2215,1169,651,NA
1610612755,"Philadelphia 76ers","PHI",349,963,0.362,2122,4553,0.466,0.175,0.53,2011,952,2040,1232,1280,NA
1610612745,"Houston Rockets","HOU",478,1329,0.36,2011,4213,0.477,0.24,0.515,2011,1320,2239,1045,929,NA
1610612754,"Indiana Pacers","IND",392,1063,0.369,1962,4311,0.455,0.198,0.636,2011,1051,2417,1002,892,12
1610612749,"Milwaukee Bucks","MIL",430,1258,0.342,2066,4387,0.471,0.223,0.47,2011,1249,2374,1141,872,NA
1610612761,"Toronto Raptors","TOR",365,1075,0.34,1903,4079,0.467,0.209,0.348,2011,1062,2014,1356,709,NA
1610612741,"Chicago Bulls","CHI",419,1116,0.375,2048,4345,0.471,0.204,0.758,2011,1099,2235,1312,798,NA
1610612743,"Denver Nuggets","DEN",435,1310,0.332,2137,4093,0.522,0.242,0.576,2011,1288,2872,675,546,22
1610612737,"Atlanta Hawks","ATL",492,1330,0.37,1937,4018,0.482,0.249,0.606,2011,1320,2141,1320,557,10
1610612766,"Charlotte Hornets","CHA",263,892,0.295,1930,4401,0.439,0.169,0.106,2011,878,2056,1634,711,NA
1610612752,"New York Knicks","NYK",517,1538,0.336,1848,3797,0.487,0.288,0.545,2011,1525,2243,965,589,NA
1610612747,"Los Angeles Lakers","LAL",361,1111,0.325,2067,4207,0.491,0.209,0.621,2011,1099,2254,1087,866,12
1610612742,"Dallas Mavericks","DAL",497,1464,0.339,1901,3948,0.482,0.271,0.545,2011,1452,1961,947,1040,NA
1610612764,"Washington Wizards","WAS",342,1072,0.319,2070,4400,0.47,0.196,0.303,2011,1062,2366,1244,790,10
1610612744,"Golden State Warriors","GSW",524,1351,0.388,1965,4092,0.48,0.248,0.348,2011,1339,2149,1282,660,13
1610612756,"Phoenix Suns","PHX",444,1295,0.343,2051,4150,0.494,0.238,0.5,2011,1282,2063,1230,857,NA
1610612746,"LA Clippers","LAC",512,1437,0.356,1925,3925,0.49,0.268,0.606,2011,1425,2075,1255,595,NA
1610612758,"Sacramento Kings","SAC",411,1301,0.316,2079,4411,0.471,0.228,0.333,2011,1284,2816,981,614,17
1610612765,"Detroit Pistons","DET",317,916,0.346,1974,4316,0.457,0.175,0.379,2011,900,2448,1131,737,NA
1610612762,"Utah Jazz","UTA",273,845,0.323,2250,4686,0.48,0.153,0.545,2011,829,2608,1129,949,16
1610612763,"Memphis Grizzlies","MEM",277,849,0.326,2148,4573,0.47,0.157,0.621,2011,824,2419,1187,967,25
1610612739,"Cleveland Cavaliers","CLE",440,1273,0.346,1821,4087,0.446,0.238,0.318,2011,1267,2573,895,619,NA
1610612760,"Oklahoma City Thunder","OKC",597,1587,0.376,2528,4916,0.514,0.244,0.732,2012,1574,2622,1207,1086,14
1610612751,"Brooklyn Nets","BKN",628,1757,0.357,2314,4784,0.484,0.269,0.598,2012,1744,2831,1005,948,NA
1610612748,"Miami Heat","MIA",717,1807,0.397,2431,4539,0.536,0.285,0.805,2012,1796,2464,1215,860,11
1610612753,"Orlando Magic","ORL",506,1537,0.329,2587,5367,0.482,0.223,0.244,2012,1529,2889,1422,1056,NA
1610612750,"Minnesota Timberwolves","MIN",450,1475,0.305,2493,5227,0.477,0.22,0.378,2012,1465,2959,1516,750,NA
1610612759,"San Antonio Spurs","SAS",663,1763,0.376,2547,4911,0.519,0.264,0.707,2012,1748,2920,1086,905,NA
1610612738,"Boston Celtics","BOS",498,1389,0.359,2503,5069,0.494,0.215,0.506,2012,1366,2486,1542,1040,NA
1610612740,"New Orleans Pelicans","NOP",535,1474,0.363,2420,5115,0.473,0.224,0.329,2012,1457,3050,1153,912,NA
1610612757,"Portland Trail Blazers","POR",672,1902,0.353,2336,4811,0.486,0.283,0.402,2012,1887,2550,1419,842,NA
1610612755,"Philadelphia 76ers","PHI",518,1437,0.36,2541,5457,0.466,0.208,0.415,2012,1425,2652,1575,1230,NA
1610612745,"Houston Rockets","HOU",867,2368,0.366,2257,4413,0.511,0.349,0.549,2012,2356,3199,716,498,12
1610612754,"Indiana Pacers","IND",555,1598,0.347,2290,4926,0.465,0.245,0.605,2012,1574,2752,1161,1013,NA
1610612749,"Milwaukee Bucks","MIL",601,1669,0.36,2527,5527,0.457,0.232,0.463,2012,1661,3141,1314,1071,NA
1610612761,"Toronto Raptors","TOR",570,1662,0.343,2408,5020,0.48,0.249,0.415,2012,1653,2523,1466,1030,NA
1610612741,"Chicago Bulls","CHI",446,1265,0.353,2480,5433,0.456,0.189,0.549,2012,1248,2792,1513,1128,NA
1610612743,"Denver Nuggets","DEN",521,1516,0.344,2818,5465,0.516,0.217,0.695,2012,1492,3891,805,769,NA
1610612737,"Atlanta Hawks","ATL",706,1901,0.371,2378,4743,0.501,0.286,0.537,2012,1888,2686,1380,677,NA
1610612766,"Charlotte Hornets","CHA",469,1399,0.335,2354,5250,0.448,0.21,0.256,2012,1381,2859,1408,983,NA
1610612752,"New York Knicks","NYK",891,2371,0.376,2105,4318,0.487,0.354,0.659,2012,2340,2390,1251,675,33
1610612747,"Los Angeles Lakers","LAL",711,2007,0.354,2326,4625,0.503,0.303,0.549,2012,1989,2810,1044,769,NA
1610612742,"Dallas Mavericks","DAL",606,1628,0.372,2576,5264,0.489,0.236,0.5,2012,1608,2601,1254,1408,NA
1610612764,"Washington Wizards","WAS",545,1494,0.365,2365,5198,0.455,0.223,0.354,2012,1480,2520,1444,1234,NA
1610612744,"Golden State Warriors","GSW",658,1632,0.403,2472,5208,0.475,0.239,0.573,2012,1611,2538,1565,1105,21
1610612756,"Phoenix Suns","PHX",480,1455,0.33,2581,5462,0.473,0.21,0.305,2012,1438,2769,1638,1055,17
1610612746,"LA Clippers","LAC",627,1750,0.358,2533,4856,0.522,0.265,0.683,2012,1739,2816,1288,752,NA
1610612758,"Sacramento Kings","SAC",610,1681,0.363,2476,5223,0.474,0.243,0.341,2012,1663,3247,1187,789,18
1610612765,"Detroit Pistons","DET",513,1440,0.356,2466,5198,0.474,0.217,0.354,2012,1421,3405,1122,670,NA
1610612762,"Utah Jazz","UTA",507,1385,0.366,2539,5325,0.477,0.206,0.524,2012,1367,2853,1498,974,NA
1610612763,"Memphis Grizzlies","MEM",382,1107,0.345,2582,5572,0.463,0.166,0.683,2012,1094,3045,1400,1127,NA
1610612739,"Cleveland Cavaliers","CLE",547,1581,0.346,2446,5320,0.46,0.229,0.293,2012,1569,2933,1295,1092,12
1610612760,"Oklahoma City Thunder","OKC",664,1838,0.361,2530,4943,0.512,0.271,0.72,2013,1821,2704,1133,1105,NA
1610612751,"Brooklyn Nets","BKN",708,1921,0.369,2222,4469,0.497,0.301,0.537,2013,1897,2459,1023,987,NA
1610612748,"Miami Heat","MIA",665,1829,0.364,2477,4443,0.558,0.292,0.659,2013,1822,2668,1051,723,8
1610612753,"Orlando Magic","ORL",562,1594,0.353,2459,5188,0.474,0.235,0.28,2013,1577,2659,1573,956,NA
1610612750,"Minnesota Timberwolves","MIN",599,1755,0.341,2589,5418,0.478,0.245,0.488,2013,1740,3256,1248,914,15
1610612759,"San Antonio Spurs","SAS",698,1756,0.397,2628,5087,0.517,0.257,0.756,2013,1742,2963,1236,888,NA
1610612738,"Boston Celtics","BOS",575,1727,0.333,2421,5154,0.47,0.251,0.305,2013,1713,2714,1506,933,NA
1610612740,"New Orleans Pelicans","NOP",486,1303,0.373,2615,5458,0.479,0.193,0.415,2013,1279,3240,1248,970,NA
1610612757,"Portland Trail Blazers","POR",770,2071,0.372,2437,5063,0.481,0.29,0.659,2013,2061,2575,1480,1006,NA
1610612755,"Philadelphia 76ers","PHI",577,1845,0.313,2531,5303,0.477,0.258,0.232,2013,1825,3667,796,840,20
1610612745,"Houston Rockets","HOU",775,2175,0.356,2339,4424,0.529,0.33,0.659,2013,2164,3457,435,532,11
1610612754,"Indiana Pacers","IND",550,1541,0.357,2399,5031,0.477,0.234,0.683,2013,1523,2610,1346,1075,NA
1610612749,"Milwaukee Bucks","MIL",548,1551,0.353,2404,5184,0.464,0.23,0.183,2013,1545,3028,1224,931,NA
1610612761,"Toronto Raptors","TOR",713,1915,0.372,2279,4801,0.475,0.285,0.585,2013,1901,2643,1211,947,14
1610612741,"Chicago Bulls","CHI",508,1459,0.348,2335,5118,0.456,0.222,0.585,2013,1436,2765,1458,895,23
1610612743,"Denver Nuggets","DEN",702,1959,0.358,2445,5083,0.481,0.278,0.439,2013,1937,3272,1056,754,23
1610612737,"Atlanta Hawks","ATL",768,2115,0.363,2293,4572,0.502,0.316,0.463,2013,2102,2669,968,935,13
1610612766,"Charlotte Hornets","CHA",516,1468,0.351,2460,5259,0.468,0.218,0.524,2013,1450,2745,1468,1046,18
1610612752,"New York Knicks","NYK",759,2038,0.372,2268,4701,0.482,0.302,0.451,2013,2015,2307,1497,895,25
1610612747,"Los Angeles Lakers","LAL",773,2026,0.382,2365,4948,0.478,0.291,0.329,2013,2020,2732,1178,1038,NA
1610612742,"Dallas Mavericks","DAL",720,1876,0.384,2528,4981,0.508,0.274,0.598,2013,1860,2611,1186,1183,NA
1610612764,"Washington Wizards","WAS",647,1702,0.38,2530,5216,0.485,0.246,0.537,2013,1689,2684,1525,1006,14
1610612744,"Golden State Warriors","GSW",774,2037,0.38,2462,4968,0.496,0.291,0.622,2013,2016,2806,1182,980,NA
1610612756,"Phoenix Suns","PHX",764,2053,0.372,2407,4790,0.503,0.3,0.585,2013,2037,2753,979,1058,NA
1610612746,"LA Clippers","LAC",691,1959,0.353,2515,4795,0.525,0.29,0.695,2013,1947,2552,1407,836,12
1610612758,"Sacramento Kings","SAC",491,1475,0.333,2535,5291,0.479,0.218,0.341,2013,1464,3044,1270,977,11
1610612765,"Detroit Pistons","DET",506,1579,0.32,2675,5544,0.483,0.222,0.354,2013,1555,3723,1120,701,NA
1610612762,"Utah Jazz","UTA",543,1575,0.345,2408,5075,0.474,0.237,0.305,2013,1550,2789,1322,964,NA
1610612763,"Memphis Grizzlies","MEM",405,1147,0.353,2717,5576,0.487,0.171,0.61,2013,1128,3243,1284,1049,19
1610612739,"Cleveland Cavaliers","CLE",584,1639,0.356,2452,5315,0.461,0.236,0.402,2013,1615,2827,1369,1119,24
1610612760,"Oklahoma City Thunder","OKC",631,1861,0.339,2552,5255,0.486,0.262,0.549,2014,1850,3083,1170,1001,NA
1610612751,"Brooklyn Nets","BKN",541,1633,0.331,2528,5171,0.489,0.24,0.463,2014,1608,2901,1110,1160,NA
1610612748,"Miami Heat","MIA",556,1659,0.335,2329,4671,0.499,0.262,0.451,2014,1639,2538,1163,971,19
1610612753,"Orlando Magic","ORL",554,1598,0.347,2522,5194,0.486,0.235,0.305,2014,1584,3087,1164,942,NA
1610612750,"Minnesota Timberwolves","MIN",405,1222,0.331,2580,5597,0.461,0.179,0.195,2014,1209,2936,1602,1059,NA
1610612759,"San Antonio Spurs","SAS",677,1845,0.367,2531,5007,0.505,0.269,0.671,2014,1835,2947,1013,1047,NA
1610612738,"Boston Celtics","BOS",660,2019,0.327,2533,5190,0.488,0.28,0.488,2014,2003,2858,1393,939,NA
1610612740,"New Orleans Pelicans","NOP",585,1581,0.37,2522,5212,0.484,0.233,0.549,2014,1563,3178,1147,887,NA
1610612757,"Portland Trail Blazers","POR",804,2228,0.361,2368,4818,0.491,0.316,0.622,2014,2213,2499,1336,983,NA
1610612755,"Philadelphia 76ers","PHI",692,2159,0.321,2073,4617,0.449,0.319,0.22,2014,2141,3195,797,625,NA
1610612745,"Houston Rockets","HOU",933,2679,0.348,2099,4152,0.506,0.392,0.683,2014,2662,3168,461,522,18
1610612754,"Indiana Pacers","IND",612,1740,0.352,2386,5084,0.469,0.255,0.463,2014,1721,2580,1517,987,NA
1610612749,"Milwaukee Bucks","MIL",545,1500,0.363,2538,5222,0.486,0.223,0.5,2014,1493,3015,1291,916,NA
1610612761,"Toronto Raptors","TOR",726,2059,0.353,2382,4769,0.499,0.302,0.598,2014,2047,2837,987,945,NA
1610612741,"Chicago Bulls","CHI",645,1825,0.353,2356,4972,0.474,0.269,0.61,2014,1802,2971,1110,890,24
1610612743,"Denver Nuggets","DEN",660,2032,0.325,2439,5126,0.476,0.284,0.366,2014,2011,3184,1083,858,22
1610612737,"Atlanta Hawks","ATL",818,2152,0.38,2303,4547,0.506,0.321,0.732,2014,2149,2803,1011,733,NA
1610612766,"Charlotte Hornets","CHA",498,1566,0.318,2415,5366,0.45,0.226,0.402,2014,1548,2606,1621,1139,NA
1610612752,"New York Knicks","NYK",560,1614,0.347,2322,5112,0.454,0.24,0.207,2014,1596,2409,1658,1045,18
1610612747,"Los Angeles Lakers","LAL",532,1546,0.344,2522,5474,0.461,0.22,0.256,2014,1537,2707,1637,1130,NA
1610612742,"Dallas Mavericks","DAL",732,2082,0.352,2523,4954,0.509,0.296,0.61,2014,2073,2818,1279,856,10
1610612764,"Washington Wizards","WAS",497,1381,0.36,2642,5409,0.488,0.203,0.561,2014,1368,2687,1560,1162,NA
1610612744,"Golden State Warriors","GSW",883,2217,0.398,2527,4920,0.514,0.311,0.817,2014,2192,2812,1101,1007,NA
1610612756,"Phoenix Suns","PHX",698,2048,0.341,2480,4990,0.497,0.291,0.476,2014,2025,2789,1074,1127,23
1610612746,"LA Clippers","LAC",826,2199,0.376,2401,4628,0.519,0.322,0.683,2014,2187,2319,1496,813,NA
1610612758,"Sacramento Kings","SAC",461,1350,0.341,2549,5267,0.484,0.204,0.354,2014,1336,3199,1195,873,NA
1610612765,"Detroit Pistons","DET",703,2043,0.344,2338,4995,0.468,0.29,0.39,2014,2020,3412,902,681,NA
1610612762,"Utah Jazz","UTA",610,1781,0.343,2290,4711,0.486,0.274,0.463,2014,1761,2834,1041,837,19
1610612763,"Memphis Grizzlies","MEM",423,1246,0.339,2674,5517,0.485,0.184,0.671,2014,1225,3136,1211,1169,22
1610612739,"Cleveland Cavaliers","CLE",825,2252,0.366,2263,4486,0.504,0.334,0.646,2014,2243,2822,831,832,10
1610612760,"Oklahoma City Thunder","OKC",678,1943,0.349,2694,5137,0.524,0.274,0.671,2015,1936,3038,1038,1060,NA
1610612751,"Brooklyn Nets","BKN",530,1506,0.352,2605,5412,0.481,0.218,0.256,2015,1492,3034,1252,1126,NA
1610612748,"Miami Heat","MIA",496,1476,0.336,2652,5217,0.508,0.221,0.585,2015,1457,2907,1220,1090,19
1610612753,"Orlando Magic","ORL",636,1815,0.35,2606,5302,0.492,0.255,0.427,2015,1791,2913,1464,926,NA
1610612750,"Minnesota Timberwolves","MIN",454,1345,0.338,2640,5321,0.496,0.202,0.354,2015,1337,2852,1593,875,NA
1610612759,"San Antonio Spurs","SAS",569,1513,0.376,2719,5279,0.515,0.223,0.817,2015,1500,2649,1363,1267,NA
1610612738,"Boston Celtics","BOS",717,2140,0.335,2499,5176,0.483,0.293,0.585,2015,2126,3144,1130,902,14
1610612740,"New Orleans Pelicans","NOP",701,1946,0.36,2451,5089,0.482,0.277,0.366,2015,1935,2894,1225,969,12
1610612757,"Portland Trail Blazers","POR",864,2332,0.37,2303,4704,0.49,0.331,0.537,2015,2320,2763,1107,834,NA
1610612755,"Philadelphia 76ers","PHI",764,2253,0.339,2206,4632,0.476,0.327,0.122,2015,2239,3066,683,881,16
1610612745,"Houston Rockets","HOU",877,2527,0.347,2216,4314,0.514,0.369,0.5,2015,2501,3136,558,619,NA
1610612754,"Indiana Pacers","IND",656,1874,0.35,2479,5096,0.486,0.269,0.549,2015,1860,2609,1529,958,NA
1610612749,"Milwaukee Bucks","MIL",437,1263,0.346,2705,5463,0.495,0.188,0.402,2015,1248,3522,1007,934,NA
1610612761,"Toronto Raptors","TOR",708,1903,0.372,2298,4755,0.483,0.286,0.683,2015,1891,2851,925,978,13
1610612741,"Chicago Bulls","CHI",651,1753,0.371,2514,5417,0.464,0.244,0.512,2015,1732,2993,1329,1094,22
1610612743,"Denver Nuggets","DEN",655,1942,0.337,2437,5060,0.482,0.277,0.402,2015,1925,3332,996,731,18
1610612737,"Atlanta Hawks","ATL",813,2323,0.35,2353,4597,0.512,0.336,0.585,2015,2312,2902,951,741,14
1610612766,"Charlotte Hornets","CHA",873,2409,0.362,2163,4512,0.479,0.348,0.585,2015,2400,2522,1080,910,9
1610612752,"New York Knicks","NYK",609,1758,0.346,2412,5124,0.471,0.255,0.39,2015,1744,2524,1386,1214,NA
1610612747,"Los Angeles Lakers","LAL",635,2007,0.316,2241,4940,0.454,0.289,0.207,2015,1983,2640,1165,1136,NA
1610612742,"Dallas Mavericks","DAL",804,2340,0.344,2258,4558,0.495,0.339,0.512,2015,2320,2476,1093,990,NA
1610612764,"Washington Wizards","WAS",708,1977,0.358,2529,5050,0.501,0.281,0.5,2015,1962,2719,1322,1010,14
1610612744,"Golden State Warriors","GSW",1075,2590,0.415,2412,4567,0.528,0.362,0.89,2015,2567,2831,856,880,23
1610612756,"Phoenix Suns","PHX",737,2113,0.349,2313,4900,0.472,0.301,0.28,2015,2099,2936,1089,875,NA
1610612746,"LA Clippers","LAC",784,2157,0.363,2344,4569,0.513,0.321,0.646,2015,2139,2341,1454,774,18
1610612758,"Sacramento Kings","SAC",660,1838,0.359,2623,5244,0.5,0.26,0.402,2015,1821,3419,1095,730,NA
1610612765,"Detroit Pistons","DET",740,2144,0.345,2371,4939,0.48,0.303,0.537,2015,2112,3132,824,983,32
1610612762,"Utah Jazz","UTA",694,1956,0.355,2263,4637,0.488,0.297,0.488,2015,1933,2736,828,1073,NA
1610612763,"Memphis Grizzlies","MEM",503,1520,0.331,2515,5338,0.471,0.222,0.512,2015,1496,3192,1180,966,24
1610612739,"Cleveland Cavaliers","CLE",878,2423,0.362,2291,4460,0.514,0.352,0.695,2015,2417,2723,857,880,6
1610612760,"Oklahoma City Thunder","OKC",691,2115,0.327,2545,5053,0.504,0.295,0.573,2016,2098,3322,778,951,19
1610612751,"Brooklyn Nets","BKN",876,2590,0.338,2225,4395,0.506,0.371,0.244,2016,2567,3118,487,790,23
1610612748,"Miami Heat","MIA",806,2206,0.365,2394,4824,0.496,0.314,0.5,2016,2189,2914,923,987,NA
1610612753,"Orlando Magic","ORL",700,2136,0.328,2438,4994,0.488,0.3,0.354,2016,2111,2757,1121,1115,NA
1610612750,"Minnesota Timberwolves","MIN",601,1722,0.349,2634,5199,0.507,0.249,0.378,2016,1709,3017,1285,897,13
1610612759,"San Antonio Spurs","SAS",753,1925,0.391,2469,4937,0.5,0.281,0.744,2016,1912,2540,1304,1093,NA
1610612738,"Boston Celtics","BOS",983,2739,0.359,2183,4236,0.515,0.393,0.646,2016,2715,2791,775,670,NA
1610612740,"New Orleans Pelicans","NOP",766,2191,0.35,2442,4934,0.495,0.308,0.415,2016,2178,2948,1066,920,NA
1610612757,"Portland Trail Blazers","POR",850,2270,0.374,2391,4787,0.499,0.322,0.5,2016,2253,2869,1044,874,NA
1610612755,"Philadelphia 76ers","PHI",825,2428,0.34,2257,4549,0.496,0.348,0.341,2016,2421,3018,696,835,NA
1610612745,"Houston Rockets","HOU",1178,3299,0.357,2124,3846,0.552,0.462,0.671,2016,3282,3034,361,451,NA
1610612754,"Indiana Pacers","IND",699,1872,0.373,2512,5046,0.498,0.271,0.512,2016,1850,2717,1350,979,NA
1610612749,"Milwaukee Bucks","MIL",713,1932,0.369,2462,4769,0.516,0.288,0.512,2016,1919,3313,724,732,NA
1610612761,"Toronto Raptors","TOR",725,1992,0.364,2486,4922,0.505,0.288,0.622,2016,1980,2791,1055,1075,13
1610612741,"Chicago Bulls","CHI",623,1828,0.341,2546,5310,0.479,0.256,0.5,2016,1817,2927,1278,1105,NA
1610612743,"Denver Nuggets","DEN",870,2361,0.368,2507,4829,0.519,0.328,0.488,2016,2340,3315,779,735,NA
1610612737,"Atlanta Hawks","ATL",728,2132,0.341,2394,4781,0.501,0.308,0.524,2016,2116,2889,1046,846,NA
1610612766,"Charlotte Hornets","CHA",824,2345,0.351,2269,4653,0.488,0.335,0.439,2016,2328,2650,1062,941,17
1610612752,"New York Knicks","NYK",703,2020,0.348,2540,5234,0.485,0.278,0.378,2016,1997,2826,1245,1163,NA
1610612747,"Los Angeles Lakers","LAL",722,2086,0.346,2494,5054,0.493,0.292,0.317,2016,2068,3196,841,1017,18
1610612742,"Dallas Mavericks","DAL",877,2472,0.355,2090,4277,0.489,0.366,0.402,2016,2452,2029,1279,969,NA
1610612764,"Washington Wizards","WAS",753,2022,0.372,2632,5107,0.515,0.284,0.598,2016,2009,2864,1205,1038,NA
1610612744,"Golden State Warriors","GSW",981,2561,0.383,2550,4578,0.557,0.359,0.817,2016,2527,2708,923,947,34
1610612756,"Phoenix Suns","PHX",615,1852,0.332,2655,5406,0.491,0.255,0.293,2016,1830,3040,1200,1166,22
1610612746,"LA Clippers","LAC",832,2214,0.376,2401,4575,0.525,0.326,0.622,2016,2195,2554,1341,680,19
1610612758,"Sacramento Kings","SAC",732,1953,0.375,2368,4774,0.496,0.29,0.39,2016,1934,2817,1045,912,NA
1610612765,"Detroit Pistons","DET",630,1911,0.33,2638,5367,0.492,0.263,0.451,2016,1880,2863,1142,1362,31
1610612762,"Utah Jazz","UTA",791,2127,0.372,2242,4387,0.511,0.327,0.622,2016,2112,2670,770,947,15
1610612763,"Memphis Grizzlies","MEM",765,2165,0.353,2217,4685,0.473,0.316,0.524,2016,2130,2874,988,823,NA
1610612739,"Cleveland Cavaliers","CLE",1065,2772,0.384,2208,4184,0.528,0.399,0.622,2016,2762,2572,797,814,NA
1610612760,"Oklahoma City Thunder","OKC",881,2491,0.354,2390,4730,0.505,0.345,0.585,2017,2465,2791,1000,942,NA
1610612751,"Brooklyn Nets","BKN",1041,2924,0.356,2095,4190,0.5,0.411,0.341,2017,2905,2880,443,872,NA
1610612748,"Miami Heat","MIA",903,2506,0.36,2281,4491,0.508,0.358,0.537,2017,2486,2856,730,906,NA
1610612753,"Orlando Magic","ORL",844,2405,0.351,2338,4637,0.504,0.342,0.305,2017,2386,2795,793,1055,13
1610612750,"Minnesota Timberwolves","MIN",658,1845,0.357,2707,5218,0.519,0.261,0.573,2017,1828,2951,1061,1210,NA
1610612759,"San Antonio Spurs","SAS",696,1977,0.352,2506,5022,0.499,0.282,0.573,2017,1954,2692,1008,1326,NA
1610612738,"Boston Celtics","BOS",939,2492,0.377,2202,4483,0.491,0.357,0.671,2017,2469,2655,838,993,NA
1610612740,"New Orleans Pelicans","NOP",837,2312,0.362,2663,4929,0.54,0.319,0.585,2017,2294,3133,790,1009,NA
1610612757,"Portland Trail Blazers","POR",845,2308,0.366,2377,4824,0.493,0.324,0.598,2017,2304,2886,905,1033,NA
1610612755,"Philadelphia 76ers","PHI",901,2445,0.369,2448,4653,0.526,0.344,0.634,2017,2424,2860,761,1033,NA
1610612745,"Houston Rockets","HOU",1256,3470,0.362,1918,3436,0.558,0.502,0.793,2017,3449,2579,303,555,20
1610612754,"Indiana Pacers","IND",741,2010,0.369,2604,5073,0.513,0.284,0.585,2017,1987,2829,1353,893,NA
1610612749,"Milwaukee Bucks","MIL",718,2024,0.355,2539,4783,0.531,0.297,0.537,2017,2007,2883,868,1035,NA
1610612761,"Toronto Raptors","TOR",968,2705,0.358,2415,4464,0.541,0.377,0.72,2017,2676,3023,539,907,24
1610612741,"Chicago Bulls","CHI",906,2549,0.355,2264,4736,0.478,0.35,0.329,2017,2530,2804,982,952,NA
1610612743,"Denver Nuggets","DEN",940,2536,0.371,2398,4566,0.525,0.357,0.561,2017,2505,3165,528,877,NA
1610612737,"Atlanta Hawks","ATL",917,2544,0.36,2213,4471,0.495,0.363,0.293,2017,2512,2687,860,930,NA
1610612766,"Charlotte Hornets","CHA",824,2233,0.369,2373,4873,0.487,0.314,0.439,2017,2208,2771,985,1118,24
1610612752,"New York Knicks","NYK",673,1914,0.352,2661,5279,0.504,0.266,0.354,2017,1892,2817,1142,1319,NA
1610612747,"Los Angeles Lakers","LAL",822,2384,0.345,2516,4864,0.517,0.329,0.427,2017,2360,3312,698,858,NA
1610612742,"Dallas Mavericks","DAL",967,2688,0.36,2161,4354,0.496,0.382,0.293,2017,2666,2443,965,947,NA
1610612764,"Washington Wizards","WAS",814,2173,0.375,2461,4845,0.508,0.31,0.524,2017,2152,2492,1049,1308,NA
1610612744,"Golden State Warriors","GSW",926,2369,0.391,2583,4611,0.56,0.339,0.707,2017,2339,2416,1008,1190,NA
1610612756,"Phoenix Suns","PHX",763,2286,0.334,2390,4855,0.492,0.32,0.256,2017,2270,3002,759,1093,NA
1610612746,"LA Clippers","LAC",777,2196,0.354,2525,4808,0.525,0.314,0.512,2017,2179,3345,637,827,16
1610612758,"Sacramento Kings","SAC",738,1967,0.375,2441,5096,0.479,0.278,0.329,2017,1932,2778,1131,1195,27
1610612765,"Detroit Pistons","DET",886,2373,0.373,2322,4756,0.488,0.333,0.476,2017,2348,2860,829,1071,21
1610612762,"Utah Jazz","UTA",887,2425,0.366,2252,4372,0.515,0.357,0.585,2017,2408,2728,734,912,NA
1610612763,"Memphis Grizzlies","MEM",758,2152,0.352,2255,4636,0.486,0.317,0.268,2017,2123,2830,895,913,NA
1610612739,"Cleveland Cavaliers","CLE",981,2636,0.372,2330,4314,0.54,0.379,0.61,2017,2617,2649,835,835,NA
